run,series,type,nfiles_on_nsdf_cli,available_on_nsdf_cli
Run72,07200302_1503,Am/lead,0,False
Run72,07200303_1747,Am/lead,0,False
Run72,07200304_1019,Am/lead,0,False
Run72,07200304_1033,Am/lead,0,False
Run72,07200304_1321,Am/lead,0,False
Run72,07200304_1633,Am/lead,0,False
Run72,07200305_1133,Am/lead,0,False
Run72,07200305_1633,Am/lead,0,False
Run73,07200720_1713,Am/lead,0,False
Run73,07200724_1546,Am/lead,0,False
Run73,07200725_0812,Am/lead,0,False
Run73,07200725_1551,Am/lead,0,False
Run73,07200725_1558,Am/lead,0,False
Run73,07200725_1821,Am/lead,0,False
Run73,07200725_1834,Am/lead,0,False
Run73,07200726_1030,Am/lead,0,False
Run73,07200726_1139,Am/lead,0,False
Run73,07200726_1146,Am/lead,0,False
Run73,07200726_1456,Am/lead,0,False
Run73,07200727_1025,Am/lead,0,False
Run73,07200727_1918,Am/lead,0,False
Run73,07200727_1922,Am/lead,0,False
Run73,07200728_0905,Am/lead,0,False
Run73,07200728_1423,Am/lead,0,False
Run73,07200728_2136,Am/lead,0,False
Run73,07200729_0931,Am/lead,0,False
Run73,07200729_1515,Am/lead,0,False
Run73,07200729_2024,Am/lead,0,False
Run73,07200730_1044,Am/lead,0,False
Run73,07200730_1745,Am/lead,0,False
Run73,07200730_2054,Am/lead,0,False
Run73,07200731_0806,Am/lead,0,False
Run73,07200731_1150,Am/lead,0,False
Run73,07200731_1703,Am/lead,0,False
Run73,07200731_2217,Am/lead,0,False
Run73,07200801_1056,Am/lead,0,False
Run73,07200801_1524,Am/lead,0,False
Run73,07200801_2046,Am/lead,0,False
Run73,07200802_1146,Am/lead,0,False
Run73,07200802_1840,Am/lead,0,False
Run73,07200802_2145,Am/lead,0,False
Run73,07200803_1614,Am/lead,0,False
Run73,07200803_1947,Am/lead,0,False
Run73,07200803_2324,Am/lead,0,False
Run73,07200804_0630,Am/lead,0,False
Run73,07200804_1212,Am/lead,0,False
Run73,07200804_2322,Am/lead,0,False
Run73,07200805_0925,Am/lead,0,False
Run73,07200805_1318,Am/lead,0,False
Run73,07200805_1918,Am/lead,0,False
Run73,07200805_2239,Am/lead,0,False
Run73,07200806_2123,Am/lead,0,False
Run73,07200807_1026,Am/lead,0,False
Run73,07200807_1633,Am/lead,0,False
Run73,07200807_2015,Am/lead,0,False
Run73,07200807_2243,Am/lead,0,False
Run73,07200808_0759,Am/lead,0,False
Run73,07200808_1608,Am/lead,0,False
Run73,07200808_2054,Am/lead,0,False
Run73,07200809_1047,Am/lead,0,False
Run73,07200809_1723,Am/lead,0,False
Run73,07200809_2100,Am/lead,0,False
Run73,07200810_0846,Am/lead,0,False
Run73,07200810_1715,Am/lead,0,False
Run73,07200810_2055,Am/lead,0,False
Run73,07200811_0635,Am/lead,0,False
Run73,07200811_1045,Am/lead,0,False
Run73,07200811_1614,Am/lead,0,False
Run73,07200811_2249,Am/lead,0,False
Run73,07200812_0840,Am/lead,0,False
Run73,07200812_1731,Am/lead,0,False
Run73,07200812_2208,Am/lead,0,False
Run73,07200813_0946,Am/lead,0,False
Run73,07200813_1652,Am/lead,0,False
Run73,07200814_0830,Am/lead,0,False
Run73,07200814_1146,Am/lead,0,False
Run73,07200814_1219,Am/lead,0,False
Run73,07200814_1548,Am/lead,0,False
Run73,07200814_1819,Am/lead,0,False
Run73,07200815_0836,Am/lead,0,False
Run73,07200815_1057,Am/lead,0,False
Run73,07200816_1129,Am/lead,0,False
Run73,07200816_1333,Am/lead,0,False
Run73,07200817_0839,Am/lead,0,False
Run73,07200817_0926,Am/lead,0,False
Run73,07200817_1010,Am/lead,0,False
Run73,07200821_1313,Am/lead,0,False
Run73,07200821_1537,Am/lead,0,False
Run73,07200821_1716,Am/lead,0,False
Run73,07200821_1820,Am/lead,0,False
Run73,07200822_0958,Am/lead,0,False
Run73,07200825_0951,Am/lead,0,False
Run73,07200825_1131,Am/lead,0,False
Run73,07200825_1320,Am/lead,0,False
Run73,07200826_0727,Am/lead,0,False
Run73,07200826_0855,Am/lead,0,False
Run73,07200827_0853,Am/lead,0,False
Run73,07200827_1039,Am/lead,0,False
Run73,07200827_1615,Am/lead,0,False
Run73,07200827_1751,Am/lead,0,False
Run73,07200827_1954,Am/lead,0,False
Run73,07200827_2150,Am/lead,0,False
Run73,07200828_0955,Am/lead,0,False
Run73,07200828_1125,Am/lead,0,False
Run73,07200831_1223,Am/lead,0,False
Run73,07200831_1554,Am/lead,0,False
Run73,07200831_2206,Am/lead,0,False
Run73,07200901_2159,Am/lead,0,False
Run73,07200902_1716,Am/lead,0,False
Run73,07200902_2227,Am/lead,0,False
Run73,07200903_1211,Am/lead,0,False
Run73,07200903_2032,Am/lead,0,False
Run73,07200904_0937,Am/lead,0,False
Run73,07200904_2111,Am/lead,0,False
Run73,07200906_2215,Am/lead,0,False
Run73,07200907_2232,Am/lead,0,False
Run73,07200907_2333,Am/lead,0,False
Run73,07200908_1643,Am/lead,0,False
Run73,07200909_0847,Am/lead,0,False
Run73,07200909_1433,Am/lead,0,False
Run73,07200910_1646,Am/lead,0,False
Run73,07200910_2002,Am/lead,0,False
Run73,07200911_0835,Am/lead,0,False
Run73,07200911_1854,Am/lead,0,False
Run73,07200912_1601,Am/lead,0,False
Run73,07200912_2324,Am/lead,0,False
Run73,07200913_1430,Am/lead,0,False
Run73,07200913_1642,Am/lead,0,False
Run73,07200921_1205,Am/lead,0,False
Run73,07200921_1845,Am/lead,0,False
Run73,07200922_1438,Am/lead,0,False
Run73,07200922_1749,Am/lead,0,False
Run73,07200922_2118,Am/lead,0,False
Run73,07201009_1907,Am/lead,0,False
Run73,07201009_2201,Am/lead,0,False
Run73,07201010_1438,Am/lead,0,False
Run73,07201010_1557,Am/lead,0,False
Run73,07201010_2107,Am/lead,0,False
Run73,07201011_2112,Am/lead,0,False
Run73,07201012_2222,Am/lead,0,False
Run73,07201013_1028,Am/lead,0,False
Run73,07201013_1221,Am/lead,0,False
Run73,07201013_1643,Am/lead,0,False
Run73,07201014_1530,Am/lead,0,False
Run73,07201014_1653,Am/lead,0,False
Run73,07201014_1942,Am/lead,0,False
Run73,07201015_0906,Am/lead,0,False
Run73,07201015_1603,Am/lead,0,False
Run73,07201015_2017,Am/lead,0,False
Run73,07201016_0736,Am/lead,0,False
Run73,07201016_0931,Am/lead,0,False
Run73,07201016_1221,Am/lead,0,False
Run73,07201016_1637,Am/lead,0,False
Run73,07201016_2053,Am/lead,0,False
Run73,07201017_0915,Am/lead,0,False
Run73,07201017_1636,Am/lead,0,False
Run73,07201017_1937,Am/lead,0,False
Run73,07201017_2203,Am/lead,0,False
Run73,07201018_1603,Am/lead,0,False
Run73,07201018_1754,Am/lead,0,False
Run73,07201018_2012,Am/lead,0,False
Run73,07201019_0932,Am/lead,0,False
Run73,07201019_1107,Am/lead,0,False
Run73,07201021_1403,Am/lead,0,False
Run73,07201022_1722,Am/lead,0,False
Run73,07201022_1924,Am/lead,0,False
Run73,07201023_0633,Am/lead,0,False
Run73,07201023_0921,Am/lead,0,False
Run73,07201023_1106,Am/lead,0,False
Run73,07201023_1625,Am/lead,0,False
Run73,07201023_1830,Am/lead,0,False
Run73,07201023_2103,Am/lead,0,False
Run73,07201024_1012,Am/lead,0,False
Run73,07201024_1238,Am/lead,0,False
Run73,07201024_1749,Am/lead,0,False
Run73,07201024_2018,Am/lead,0,False
Run73,07201025_0856,Am/lead,0,False
Run73,07201025_2006,Am/lead,0,False
Run73,07201026_1207,Am/lead,0,False
Run73,07201027_1725,Am/lead,0,False
Run73,07201027_2114,Am/lead,0,False
Run73,07201028_2326,Am/lead,0,False
Run73,07201029_0925,Am/lead,0,False
Run74,07210818_1634,Am/lead,0,False
Run74,07210819_0913,Am/lead,0,False
Run74,07210819_1150,Am/lead,0,False
Run74,07210819_1430,Am/lead,0,False
Run74,07210819_1640,Am/lead,0,False
Run74,07210820_0741,Am/lead,0,False
Run74,07210820_1037,Am/lead,0,False
Run74,07210820_1215,Am/lead,0,False
Run74,07210820_1324,Am/lead,0,False
Run74,07210820_1633,Am/lead,0,False
Run74,07210821_1116,Am/lead,0,False
Run74,07210823_1408,Am/lead,0,False
Run74,07210823_1629,Am/lead,0,False
Run74,07210824_0858,Am/lead,0,False
Run74,07210824_1350,AM/lead,0,False
Run74,07210824_1558,Am/lead,0,False
Run74,07210825_1106,Am/lead,0,False
Run74,07210825_1304,Am/lead,0,False
Run74,07210825_1456,Am/lead,0,False
Run74,07210826_1004,Am/lead,0,False
Run74,07210826_1335,Am/lead,0,False
Run74,07210826_1622,Am/lead,0,False
Run74,07210827_0849,Am/lead,0,False
Run74,07210830_1447,Am/lead,0,False
Run74,07210831_0941,Am/lead,0,False
Run74,07210831_1553,Am/lead,0,False
Run74,07210901_1600,Am/lead,0,False
Run74,07210902_1021,Am/lead,0,False
Run74,07210902_1351,Am/lead,0,False
Run74,07210902_1647,Am/lead,0,False
Run74,07210903_1345,Am/lead,0,False
Run74,07210903_1627,Am/lead,0,False
Run74,07210904_1049,Am/lead,0,False
Run74,07210905_1309,Am/lead,0,False
Run74,07210906_1240,Am/lead,0,False
Run74,07210907_0840,Am/lead,0,False
Run74,07210907_1011,Am/lead,0,False
Run74,07210907_1151,Am/lead,0,False
Run74,07210908_2110,Am/lead,0,False
Run74,07210909_1006,Am/lead,0,False
Run74,07210910_0909,Am/lead,0,False
Run74,07210910_1025,Am/lead,0,False
Run74,07210910_1201,Am/lead,0,False
Run74,07210910_1331,Am/lead,0,False
Run74,07210910_1557,Am/lead,0,False
Run74,07210911_1515,Am/lead,0,False
Run74,07210912_1422,Am/lead,0,False
Run74,07210913_1011,Am/lead,0,False
Run74,07210913_1135,Am/lead,0,False
Run74,07210913_1335,Am/lead,0,False
Run74,07210913_1608,Am/lead,0,False
Run74,07210914_1026,Am/lead,0,False
Run74,07210914_1545,Am/lead,0,False
Run74,07210915_1526,Am/lead,0,False
Run74,07210916_1202,Am/lead,0,False
Run74,07210917_1049,Am/lead,0,False
Run74,07210917_1213,Am/lead,0,False
Run74,07210918_1123,Am/lead,0,False
Run74,07210919_1444,Am/lead,0,False
Run74,07210919_1447,Am/lead,0,False
Run74,07210919_1450,Am/lead,0,False
Run74,07210919_1454,Am/lead,0,False
Run74,07210919_1457,Am/lead,0,False
Run74,07210919_1500,Am/lead,0,False
Run74,07210920_1110,Am/lead,0,False
Run74,07210920_1252,Am/lead,0,False
Run74,07210920_1255,Am/lead,0,False
Run74,07210920_1258,Am/lead,0,False
Run74,07210920_1301,Am/lead,0,False
Run74,07210920_1305,Am/lead,0,False
Run74,07210920_1311,Am/lead,0,False
Run74,07210920_1348,Am/lead,0,False
Run74,07210920_1349,Am/lead,0,False
Run74,07210920_1439,Am/lead,0,False
Run74,07210920_1440,Am/lead,0,False
Run74,07210920_1511,Am/lead,0,False
Run74,07210920_1643,Am/lead,0,False
Run74,07210920_1644,Am/lead,0,False
Run74,07210921_0851,Am/lead,0,False
Run74,07210921_1501,Am/lead,0,False
Run74,07210921_2153,Am/lead,0,False
Run74,07210922_1454,Am/lead,0,False
Run74,07210922_1634,Am/lead,0,False
Run74,07210922_1901,Am/lead,0,False
Run74,07210922_2018,Am/lead,0,False
Run74,07210922_2108,Am/lead,0,False
Run74,07210922_2202,Am/lead,0,False
Run74,07210922_2234,Am/lead,0,False
Run74,07210924_1041,Am/lead,0,False
Run74,07210924_1139,Am/lead,0,False
Run74,07210924_1358,Am/lead,0,False
Run74,07210924_1547,Am/lead,0,False
Run74,07210924_1717,Am/lead,0,False
Run74,07210924_2003,Am/lead,0,False
Run74,07210924_2200,Am/lead,0,False
Run74,07210925_0908,Am/lead,0,False
Run74,07210925_0909,Am/lead,0,False
Run74,07210925_0922,Am/lead,0,False
Run74,07210925_1043,Am/lead,0,False
Run74,07210925_1044,Am/lead,0,False
Run74,07210925_1056,Am/lead,0,False
Run74,07210925_1347,Am/lead,0,False
Run74,07210925_1348,Am/lead,0,False
Run74,07210925_1357,Am/lead,0,False
Run74,07210925_1520,Am/lead,0,False
Run74,07210925_1521,Am/lead,0,False
Run74,07210925_1530,Am/lead,0,False
Run74,07210925_1648,Am/lead,0,False
Run74,07210925_1649,Am/lead,0,False
Run74,07210925_1657,Am/lead,0,False
Run74,07210926_0831,Am/lead,0,False
Run74,07210926_0832,Am/lead,0,False
Run74,07210926_0839,Am/lead,0,False
Run74,07210926_0956,Am/lead,0,False
Run74,07210926_0957,Am/lead,0,False
Run74,07210926_1006,Am/lead,0,False
Run74,07210926_1115,Am/lead,0,False
Run74,07210926_1116,Am/lead,0,False
Run74,07210926_1140,Am/lead,0,False
Run74,07210926_1459,Am/lead,0,False
Run74,07210926_1500,Am/lead,0,False
Run74,07210926_1536,Am/lead,0,False
Run74,07210926_1714,Am/lead,0,False
Run74,07210926_1715,Am/lead,0,False
Run74,07210926_1750,Am/lead,0,False
Run74,07210926_1751,Am/lead,0,False
Run74,07210926_1815,Am/lead,0,False
Run74,07210926_1816,Am/lead,0,False
Run74,07210926_1842,Am/lead,0,False
Run74,07210926_1843,Am/lead,0,False
Run74,07210926_1911,Am/lead,0,False
Run74,07210926_1912,Am/lead,0,False
Run74,07210926_1944,Am/lead,0,False
Run74,07210926_1945,Am/lead,0,False
