series,type,source_shield,HV,trigger,duration_min,on_nsdf,n_dumps,first_dump,last_dump,missing_dumps,size_gib,live_check,hidden_by_filter,local_dumps,local_empty_stubs
07220330_1639,2sided,Am / Pb&poly E&W only,0,DCRC1pA 8,71,False,0,,,,,absent (F0001-F0005),False,0,0
07220401_1453,test,,,NaI array,,False,0,,,,,absent (F0001-F0005),False,0,0
07220401_1515,test,,,NaI array,,False,0,,,,,absent (F0001-F0005),False,0,0
07220401_1533,test,,,NaI array,,False,0,,,,,absent (F0001-F0005),False,0,0
07220405_0900,test,,,NaI array,,False,0,,,,,absent (F0001-F0005),False,0,0
07220405_1646,2sided,Am / Pb&poly E&W only,0,DCRC1pA 8,63,False,0,,,,,absent (F0001-F0005),False,0,0
07220406_1720,2sided,Am / Pb&poly E&W only,0,DCRC1pA 8,68,False,0,,,,,absent (F0001-F0005),False,0,0
07220420_0842,Side2,Am / Pb&poly E&W only,99.8,DCRC3pD 10,51,False,0,,,,,absent (F0001-F0005),True,0,0
07220421_1010,Side2,Am / Pb&poly E&W only,22.2,DCRC3pD 10,68,False,0,,,,,absent (F0001-F0005),True,0,0
07220422_1144,Side2,Am / Pb&poly E&W only,0,DCRC3pD 10,40,False,0,,,,,absent (F0001-F0005),True,0,0
07220422_1250,Side2,Am / Pb&poly E&W only,-98.4,DCRC3pD 10,61,False,0,,,,,absent (F0001-F0005),True,0,0
07220425_0722,Side2,Am / Pb&poly E&W only,-79,DCRC3pD 10,50,False,0,,,,,absent (F0001-F0005),True,0,0
07220425_1144,Side2,Am / Pb&poly E&W only,-119.6,DCRC3pD 10,57,False,0,,,,,absent (F0001-F0005),True,0,0
07220425_1621,Side2,Am / Pb&poly E&W only,-140.5,DCRC3pD 10,57,False,0,,,,,absent (F0001-F0005),True,0,0
07220425_2032,Side2,Am / Pb&poly E&W only,-160.8,DCRC3pD 10,60,False,0,,,,,absent (F0001-F0005),True,0,0
07220426_1120,Side2,Am / Pb&poly E&W only,-180.5,DCRC3pD 10,56,False,0,,,,,absent (F0001-F0005),True,0,0
07220426_2022,Side2,Am / Pb&poly E&W only,-200.8,DCRC3pD 10,53,False,0,,,,,absent (F0001-F0005),True,0,0
07220427_1630,Side2,Am / Pb&poly E&W only,-221.1,DCRC3pD 10,58,False,0,,,,,absent (F0001-F0005),True,0,0
07220428_1659,Side2,Am / Pb&poly E&W only,-180.6,DCRC3pD 10,54,False,0,,,,,absent (F0001-F0005),True,0,0
07220503_0851,Side2,Am / Pb&poly E&W only,-238.3,DCRC3pD 10,57,False,0,,,,,absent (F0001-F0005),True,0,0
07220509_1432,Side2,Am / Pb&poly E&W only,0,DCRC3pD 10,63,False,0,,,,,absent (F0001-F0005),True,0,0
07220510_0917,Side2,Am / Pb&poly E&W only,0,DCRC3pD 10,62,False,0,,,,,absent (F0001-F0005),True,0,0
07220510_1115,Side2,Am / Pb&poly E&W only,-195.6,DCRC3pD 10,67,False,0,,,,,absent (F0001-F0005),True,0,0
07220513_0853,Side2,Am / Pb&poly E&W only,0,DCRC3pD 10,50,False,0,,,,,absent (F0001-F0005),True,0,0
07220513_0952,Side2,Am / Pb&poly E&W only,-3.8,DCRC3pD 10,46,False,0,,,,,absent (F0001-F0005),True,0,0
07220531_0810,Side2,Am / Pb&poly except N,0,DCRC3pD 10,66,False,0,,,,,absent (F0001-F0005),True,0,0
07220531_1214,Side2,Na-22 / Pb&poly except N,0,DCRC3pD 10,78,False,0,,,,,absent (F0001-F0005),True,0,0
07220601_1310,Side2,Na-22 / Pb&poly except N,0,DCRC3pD 10,76,False,0,,,,,absent (F0001-F0005),True,0,0
07220608_1539,Side2,"PuBe / Pb&poly, lead stack",0,DCRC3pD 10,24,False,0,,,,,absent (F0001-F0005),True,0,0
07220608_1606,Side2,"Am / Pb&poly, lead stack",0,DCRC3pD 10,25,False,0,,,,,absent (F0001-F0005),True,0,0
07220609_1114,Side2,"PuBe / Pb&poly, lead stack",0,DCRC3pD 10,21,False,0,,,,,absent (F0001-F0005),True,0,0
07220615_1205,Side2,"PuBe / Pb&poly, lead stack, borax",0,DCRC3pD 10,62,False,0,,,,,absent (F0001-F0005),True,0,0
07220617_1209,Side2,"Am / Pb&poly, lead stack, borax",0,DCRC3pD 10,54,False,0,,,,,absent (F0001-F0005),True,0,0
07220617_1305,Side2,"Am / Pb&poly, lead stack, borax",0,NaI ,81,False,0,,,,,absent (F0001-F0005),False,0,0
07220701_1439,Side2,"PuBe / Pb&poly, lead stack, borax",0,DCRC3pD 10,65,False,0,,,,,absent (F0001-F0005),True,0,0
07220702_0911,Side2,"PuBe / Pb&poly, lead stack, borax",0,DCRC3pD 10,65,False,0,,,,,absent (F0001-F0005),True,0,0
07220702_1055,Side2,"PuBe / Pb&poly, lead stack, borax",-197.3,NaI,171,True,12,1,12,0,0.1,listed dumps found; none beyond,False,0,0
07220702_1400,Side2,"PuBe / Pb&poly, lead stack, borax",,,,False,0,,,,,absent (F0001-F0005),False,0,0
07220703_1904,Side2,"PuBe / Pb&poly, lead stack, borax",0,DCRC3pD 10,45,False,0,,,,,absent (F0001-F0005),True,0,0
07220703_2005,Side2,"PuBe / Pb&poly, lead stack, borax",-197.3,DCRC3pD 10,6,False,0,,,,,absent (F0001-F0005),True,0,0
07220703_2012,Side2,"PuBe / Pb&poly, lead stack, borax",-197.3,NaI,90,True,90,1,90,0,0.49,listed dumps found; none beyond,False,0,0
07220703_2143,Side2,"PuBe / Pb&poly, lead stack, borax",-197.3,DCRC3pD 10,7,False,0,,,,,absent (F0001-F0005),True,0,0
07220703_2151,Side2,"PuBe / Pb&poly, lead stack, borax",-197.3,NaI,708,True,708,1,708,0,3.79,listed dumps found; none beyond,False,0,0
07220704_0945,Side2,"PuBe / Pb&poly, lead stack, borax",-197.3,DCRC3pD 10,12,False,0,,,,,absent (F0001-F0005),True,0,0
07220704_1000,Side2,"PuBe / Pb&poly, lead stack, borax",varies,DCRC3pD 10,30,False,0,,,,,absent (F0001-F0005),True,0,0
07220704_1140,Side2,"PuBe / Pb&poly, lead stack, borax",0,DCRC3pD 10,59,False,0,,,,,absent (F0001-F0005),True,0,0
07220704_1437,Side2,"PuBe / Pb&poly, lead stack, borax",-197.3,DCRC3pD 10,6,False,0,,,,,absent (F0001-F0005),True,0,0
07220704_1444,Side2,"PuBe / Pb&poly, lead stack, borax",-197.3,NaI,91,True,92,1,92,0,0.53,listed dumps found; none beyond,False,0,0
07220704_1617,Side2,"PuBe / Pb&poly, lead stack, borax",-197.3,DCRC3pD 10,11,False,0,,,,,absent (F0001-F0005),True,0,0
07220704_1630,Side2,"PuBe / Pb&poly, lead stack, borax",-197.3,NaI,271,True,271,1,271,0,1.53,listed dumps found; none beyond,False,0,0
07220704_2102,Side2,"PuBe / Pb&poly, lead stack, borax",-197.3,DCRC3pD 10,8,False,0,,,,,absent (F0001-F0005),True,0,0
07220704_2111,Side2,"PuBe / Pb&poly, lead stack, borax",-197.3,NaI,552,True,201,1,201,0,1.12,listed dumps found; none beyond,False,0,0
07220705_0629,Side2,"PuBe / Pb&poly, lead stack, borax",-197.3,DCRC3pD 10,10,False,0,,,,,absent (F0001-F0005),True,0,0
07220705_0646,Side2,"PuBe / Pb&poly, lead stack, borax",-197.3,NaI,268,True,268,1,268,0,1.52,listed dumps found; none beyond,False,0,0
07220706_0836,Side2,"PuBe / Pb&poly, lead stack, borax",0,DCRC3pD 10,120,False,0,,,,,absent (F0001-F0005),True,0,0
07220706_1112,Side2,"PuBe / Pb&poly, lead stack, borax",-197.3,NaI,100,True,100,1,100,0,0.74,listed dumps found; none beyond,False,0,0
07220706_1254,Side2,"PuBe / Pb&poly, lead stack, borax",-197.3,DCRC3pD 10,9,False,0,,,,,absent (F0001-F0005),True,0,0
07220706_1303,Side2,"PuBe / Pb&poly, lead stack, borax",-197.3,NaI,210,True,109,1,210,101,3.91,listed dumps found; none beyond,False,0,0
07220706_1652,Side2,"PuBe / Pb&poly, lead stack, borax",-197.3,DCRC3pD 10,7,False,0,,,,,absent (F0001-F0005),True,0,0
07220706_1659,Side2,"PuBe / Pb&poly, lead stack, borax",-197.3,NaI,218,True,218,1,218,0,3.23,listed dumps found; none beyond,False,0,0
07220706_2041,Side2,"PuBe / Pb&poly, lead stack, borax",-197.3,DCRC3pD 10,6,False,0,,,,,absent (F0001-F0005),True,0,0
07220706_2048,Side2,"PuBe / Pb&poly, lead stack, borax",-197.3,NaI ,575,True,575,1,575,0,8.5,listed dumps found; none beyond,False,0,0
07220707_0632,Side2,"PuBe / Pb&poly, lead stack, borax",-197.3,DCRC3pD 10,7,False,0,,,,,absent (F0001-F0005),True,0,0
07220707_0639,Side2,"PuBe / Pb&poly, lead stack, borax",-197.3,NaI ,,True,3,1,3,0,0.03,listed dumps found; none beyond,False,0,0
07220707_0644,Side2,"PuBe / Pb&poly, lead stack, borax",-197.3,NaI ,289,True,289,1,289,0,4.23,listed dumps found; none beyond,False,0,0
07220707_1643,Side2,"PuBe / Pb&poly, lead stack, borax",0,DCRC3pD 10,26,False,0,,,,,absent (F0001-F0005),True,0,0
07220707_1748,Side2,"PuBe / Pb&poly, lead stack, borax",-197.3,DCRC3pD 10,9,False,0,,,,,absent (F0001-F0005),True,0,0
07220707_1758,Side2,"PuBe / Pb&poly, lead stack, borax",-197.3,NaI ,227,True,227,1,227,0,3.4,listed dumps found; none beyond,False,0,0
07220707_2149,Side2,"PuBe / Pb&poly, lead stack, borax",-197.3,DCRC3pD 10,14,False,0,,,,,absent (F0001-F0005),True,0,0
07220707_2205,Side2,"PuBe / Pb&poly, lead stack, borax",-197.3,NaI ,611,True,611,1,611,0,8.97,listed dumps found; none beyond,False,0,0
07220708_0826,Side2,"PuBe / Pb&poly, lead stack, borax",-197.3,DCRC3pD 10,7,False,0,,,,,absent (F0001-F0005),True,0,0
07220708_0833,Side2,"PuBe / Pb&poly, lead stack, borax",-197.3,NaI ,160,True,160,1,160,0,2.33,listed dumps found; none beyond,False,0,0
07220708_1518,Side2,"PuBe / Pb&poly, lead stack, borax",0,DCRC3pD 10,43,False,0,,,,,absent (F0001-F0005),True,0,0
07220708_1618,Side2,"PuBe / Pb&poly, lead stack, borax",-197.4,DCRC3pD 10,14,False,0,,,,,absent (F0001-F0005),True,0,0
07220708_1632,Side2,"PuBe / Pb&poly, lead stack, borax",-197.4,NaI ,332,True,332,1,332,0,2.53,listed dumps found; none beyond,False,0,0
07220708_2207,Side2,"PuBe / Pb&poly, lead stack, borax",-197.4,DCRC3pD 10,9,False,0,,,,,absent (F0001-F0005),True,0,0
07220708_2217,Side2,"PuBe / Pb&poly, lead stack, borax",-197.4,NaI ,666,True,127,1,127,0,0.98,listed dumps found; none beyond,False,0,0
07220709_0926,Side2,"PuBe / Pb&poly, lead stack, borax",-197.3,DCRC3pD 10,8,False,0,,,,,absent (F0001-F0005),True,0,0
07220709_0935,Side2,"PuBe / Pb&poly, lead stack, borax",-197.3,NaI ,273,True,168,1,168,0,1.29,listed dumps found; none beyond,False,0,0
07220709_1415,Side2,"PuBe / Pb&poly, lead stack, borax",-197.3,DCRC3pD 10,9,False,0,,,,,absent (F0001-F0005),True,0,0
07220709_1717,Side2,"PuBe / Pb&poly, lead stack, borax",0,DCRC3pD 10,49,False,0,,,,,absent (F0001-F0005),True,0,0
07220709_1807,Side2,"PuBe / Pb&poly, lead stack, borax",0,NaI ,215,True,204,1,204,0,1.5,listed dumps found; none beyond,False,0,0
07220709_2144,Side2,"PuBe / Pb&poly, lead stack, borax",0,NaI ,2052,True,2052,1,2052,0,15.03,listed dumps found; none beyond,False,0,0
07220711_0828,Side2,"PuBe / Pb&poly, lead stack, borax",0,DCRC3pD 10,86,False,0,,,,,absent (F0001-F0005),True,0,0
07220711_1649,Side2,"PuBe / Pb&poly, lead stack, borax",-197.3,DCRC3pD 10,19,False,0,,,,,absent (F0001-F0005),True,0,0
07220711_1709,Side2,"PuBe / Pb&poly, lead stack, borax",-197.3,NaI ,1022,True,1022,1,1022,0,7.69,listed dumps found; none beyond,False,0,0
07220712_1016,Side2,"PuBe / Pb&poly, lead stack, borax",,DCRC3pD 10,28,False,0,,,,,absent (F0001-F0005),True,0,0
07220712_1324,Side2,"PuBe / Pb&poly, lead stack, borax",,,,True,3,1,3,0,0.13,listed dumps found; none beyond,False,0,0
07220712_1336,Side2,"PuBe / Pb&poly, lead stack, borax",,,207,True,207,1,207,0,17.27,listed dumps found; none beyond,False,0,0
07220812_1805,Side2,"PuBe / Pb&poly, lead stack, borax",0,DCRC3pD 15,81,False,0,,,,,absent (F0001-F0005),True,0,0
07220812_1958,Side2,"PuBe / Pb&poly, lead stack, borax",-5.8,DCRC3pD 15,105,False,0,,,,,absent (F0001-F0005),True,0,0
07220816_0838,Side2,"PuBe / Pb&poly, lead stack, borax",-20,DCRC3pB 10,76,False,0,,,,,absent (F0001-F0005),True,0,0
07220816_1730,Side2,"PuBe / Pb&poly, lead stack, borax",-64,DCRC3pB 10,,False,0,,,,,absent (F0001-F0005),True,0,0
07220822_1828,Side2,"PuBe / Pb&poly, lead stack, borax",0,DCRC3pB 10,50,False,0,,,,,absent (F0001-F0005),True,0,0
07220826_1219,Side2,"PuBe / Pb&poly, lead stack, borax",-4,DCRC1pB 10,81,True,81,1,81,0,4.33,listed dumps found; none beyond,False,0,0
07220826_1536,Side2,"PuBe / Pb&poly, lead stack, borax",-20.7,DCRC1pB 10,84,True,84,1,84,0,4.42,listed dumps found; none beyond,False,0,0
07220826_2007,Side2,"PuBe / Pb&poly, lead stack, borax",-65,DCRC1pB 10,79,True,79,1,79,0,4.21,listed dumps found; none beyond,False,0,0
07220827_1153,Side2,"PuBe / Pb&poly, lead stack, borax",-84.3,DCRC1pB 10,90,True,90,1,90,0,4.17,listed dumps found; none beyond,False,0,0
07220830_1247,Side2,"PuBe / Pb&poly, lead stack, borax",,,,True,6,1,6,0,0.0,listed dumps found; none beyond,False,0,0
07220830_1724,Side2,"PuBe / Pb&poly, lead stack, borax",-85.3,DCRC1pB 10,60,True,60,1,60,0,2.52,listed dumps found; none beyond,False,0,0
07220830_1829,Side2,"PuBe / Pb&poly, lead stack, borax",-85.2,NaI,113,True,113,1,113,0,2.13,listed dumps found; none beyond,False,0,0
07220830_2033,Side2,"PuBe / Pb&poly, lead stack, borax",-85,DCRC1pB 10,44,True,44,1,44,0,1.62,listed dumps found; none beyond,False,0,0
07220830_2118,Side2,"PuBe / Pb&poly, lead stack, borax",-84.8,NaI,723,True,723,1,723,0,14.02,listed dumps found; none beyond,False,0,0
07220831_0955,Side2,"PuBe / Pb&poly, lead stack, borax",-84,DCRC1pB 10,5,True,3,1,3,0,0.11,listed dumps found; none beyond,False,0,0
07220831_1002,Side2,"PuBe / Pb&poly, lead stack, borax",-81,DCRC1pB 10,103,True,103,1,103,0,5.45,listed dumps found; none beyond,False,0,0
07220831_1151,Side2,"PuBe / Pb&poly, lead stack, borax",-84.2,NaI,407,True,407,1,407,0,7.88,listed dumps found; none beyond,False,0,0
07220831_1846,Side2,"PuBe / Pb&poly, lead stack, borax",-83.9,DCRC1pB 10,94,True,94,1,94,0,4.68,listed dumps found; none beyond,False,0,0
07220831_2022,Side2,"PuBe / Pb&poly, lead stack, borax",-83.8,DCRC3pA 120,118,False,0,,,,,absent (F0001-F0005),True,0,0
07220906_1510,Side2,"PuBe / Pb&poly, lead stack, borax",0,DCRC1pB 10,53,True,53,1,53,0,3.92,listed dumps found; none beyond,False,0,0
07220906_1614,Side2,"PuBe / Pb&poly, lead stack, borax",0,NaI,183,True,183,1,183,0,3.44,listed dumps found; none beyond,False,0,0
07220909_1115,Side2,"PuBe / Pb&poly, lead stack, borax",0,,,True,19,1,19,0,1.3,listed dumps found; none beyond,False,0,0
07220909_1200,Side2,"PuBe / Pb&poly, lead stack, borax",0,,,True,14,1,14,0,0.94,listed dumps found; none beyond,False,0,0
07220909_1256,Side2,"PuBe / Pb&poly, lead stack, borax",0,DCRC1pB 10,44,True,44,1,44,0,3.14,listed dumps found; none beyond,False,0,0
07220909_1340,Side2,"PuBe / Pb&poly, lead stack, borax",0,SiHV&NaI,182,True,182,1,182,0,13.9,listed dumps found; none beyond,False,0,0
07220909_1648,Side2,"PuBe / Pb&poly, lead stack, borax",0,NaI,196,True,196,1,196,0,3.69,listed dumps found; none beyond,False,0,0
07220909_2023,Side2,"PuBe / Pb&poly, lead stack, borax",-20.7,DCRC1pB 10,38,True,38,1,38,0,3.04,listed dumps found; none beyond,False,0,0
07220909_2102,Side2,"PuBe / Pb&poly, lead stack, borax",-20.9,NaI,25,True,25,1,25,0,0.5,listed dumps found; none beyond,False,0,0
07220909_2243,Side2,"PuBe / Pb&poly, lead stack, borax",-20.9,NaI,796,True,796,1,796,0,15.86,listed dumps found; none beyond,False,0,0
07220910_1210,Side2,"PuBe / Pb&poly, lead stack, borax",-20.7,DCRC1pB 10,34,True,34,1,34,0,2.75,listed dumps found; none beyond,False,0,0
07220910_1517,Side2,"PuBe / Pb&poly, lead stack, borax",-4.1,DCRC1pB 10,49,True,49,1,49,0,3.84,listed dumps found; none beyond,False,0,0
07220910_1608,Side2,"PuBe / Pb&poly, lead stack, borax",-4.1,NaI,982,True,982,1,982,0,17.33,listed dumps found; none beyond,False,0,0
07220912_1955,Side2,"PuBe / Pb&poly, lead stack, borax",-66.8,DCRC1pB 10,70,True,70,1,70,0,5.81,listed dumps found; none beyond,False,0,0
07220912_2107,Side2,"PuBe / Pb&poly, lead stack, borax",-66.8,NaI,657,True,657,1,657,0,13.57,listed dumps found; none beyond,False,0,0
07220913_0814,Side2,"PuBe / Pb&poly, lead stack, borax",-66.8,DCRC1pB 10,82,True,82,1,82,0,6.86,listed dumps found; none beyond,False,0,0
07220913_1457,Side2,"PuBe / Pb&poly, lead stack, borax",97.9,DCRC1pB 10,45,True,45,1,45,0,3.63,listed dumps found; none beyond,False,0,0
07220913_1546,Side2,"PuBe / Pb&poly, lead stack, borax",97.9,NaI,718,True,718,1,718,0,14.76,listed dumps found; none beyond,False,0,0
07220914_1133,Side2,"PuBe / Pb&poly, lead stack, borax",97.8,DCRC1pB 10,43,True,42,1,42,0,3.35,listed dumps found; none beyond,False,0,0
07220916_2059,Side2,"PuBe / Pb&poly, lead stack, borax",-79.4,DCRC1pB 10,59,True,59,1,59,0,4.56,listed dumps found; none beyond,False,0,0
07220916_2200,Side2,"PuBe / Pb&poly, lead stack, borax",-79.7,NaI,747,True,747,1,747,0,14.42,listed dumps found; none beyond,False,0,0
07220917_1039,Side2,"PuBe / Pb&poly, lead stack, borax",-80.2,DCRC1pB 10,103,True,103,1,103,0,8.14,listed dumps found; none beyond,False,0,0
07220917_1225,Side2,"PuBe / Pb&poly, lead stack, borax",-80.3,NaI,531,True,531,1,531,0,10.29,listed dumps found; none beyond,False,0,0
07220917_2125,Side2,"PuBe / Pb&poly, lead stack, borax",-80.3,DCRC1pB 10,30,True,30,1,30,0,2.29,listed dumps found; none beyond,False,0,0
07220917_2155,Side2,"PuBe / Pb&poly, lead stack, borax",-80.3,NaI,273,True,273,1,273,0,5.29,listed dumps found; none beyond,False,0,0
07220919_1723,Side2,"PuBe / Pb&poly, lead stack, borax",-80.3,DCRC1pB 10,44,True,44,1,44,0,3.28,listed dumps found; none beyond,False,0,0
07220919_1808,Side2,"PuBe / Pb&poly, lead stack, borax",-80.6,NaI,4,True,4,1,4,0,0.07,listed dumps found; none beyond,False,0,0
07220919_2012,Side2,"PuBe / Pb&poly, lead stack, borax",-80.7,NaI,111,True,111,1,111,0,2.12,listed dumps found; none beyond,False,0,0
07220920_0925,Side2,"PuBe / Pb&poly, lead stack, borax",-80,DCRC1pB 10,42,True,42,1,42,0,3.09,listed dumps found; none beyond,False,0,0
07220920_1007,Side2,"PuBe / Pb&poly, lead stack, borax",-80,NaI,636,True,636,1,636,0,12.25,listed dumps found; none beyond,False,0,0
07220920_2052,Side2,"PuBe / Pb&poly, lead stack, borax",-78.9,DCRC1pB 10,45,True,45,1,45,0,3.3,listed dumps found; none beyond,False,0,0
07220920_2138,Side2,"PuBe / Pb&poly, lead stack, borax",-78.9,NaI,689,True,689,1,689,0,13.09,listed dumps found; none beyond,False,0,0
07220921_0915,Side2,"PuBe / Pb&poly, lead stack, borax",-81.1,DCRC1pB 10,77,True,77,1,77,0,5.83,listed dumps found; none beyond,False,0,0
07220921_1034,Side2,"PuBe / Pb&poly, lead stack, borax",-81.3,NaI,303,True,303,1,303,0,5.77,listed dumps found; none beyond,False,0,0
07220921_1541,Side2,"PuBe / Pb&poly, lead stack, borax",-81.4,DCRC1pB 10,49,True,49,1,49,0,3.68,listed dumps found; none beyond,False,0,0
07220921_1631,Side2,"PuBe / Pb&poly, lead stack, borax",-81.4,NaI,138,True,138,1,138,0,2.62,listed dumps found; none beyond,False,0,0
07220921_1851,Side2,"PuBe / Pb&poly, lead stack, borax",,,,True,4,1,4,0,0.07,listed dumps found; none beyond,False,0,0
07220921_2055,Side2,"PuBe / Pb&poly, lead stack, borax",-81.4,DCRC1pB 10,758,True,758,1,758,0,10.42,listed dumps found; none beyond,False,0,0
07220923_1709,Side2,"Am / Pb&poly, lead stack, borax",0,DCRC1pB 10,37,False,0,,,,,absent (F0001-F0005),False,0,0
07220923_1746,Side2,"Am / Pb&poly, lead stack, borax",0,NaI,1095,False,0,,,,,absent (F0001-F0005),False,0,0
07220924_1233,Side2,"Am / Pb&poly, lead stack, borax",-4.1,DCRC1pB 10,57,False,0,,,,,absent (F0001-F0005),False,0,0
07220924_1331,Side2,"Am / Pb&poly, lead stack, borax",-4.1,NaI,185,False,0,,,,,absent (F0001-F0005),False,0,0
07220925_1006,Side2,"Am / Pb&poly, lead stack, borax",-21.1,DCRC1pB 10,49,False,0,,,,,absent (F0001-F0005),False,0,0
07220925_1056,Side2,"Am / Pb&poly, lead stack, borax",-21.2,NaI,54,False,0,,,,,absent (F0001-F0005),False,0,0
07220925_1320,Side2,"Am / Pb&poly, lead stack, borax",-21.3,NaI,113,False,0,,,,,absent (F0001-F0005),False,0,0
07220925_1649,Side2,"Am / Pb&poly, lead stack, borax",-82.3,DCRC1pB 10,48,False,0,,,,,absent (F0001-F0005),False,0,0
07220925_1737,Side2,"Am / Pb&poly, lead stack, borax",-82.5,NaI,906,False,0,,,,,absent (F0001-F0005),False,0,0
07220929_1526,Side2,"Am / Pb&poly, lead stack, borax",0,DCRC1pA 2,51,False,0,,,,,absent (F0001-F0005),False,0,0
07220929_1628,Side2,"Am / Pb&poly, lead stack, borax",,,,False,0,,,,,absent (F0001-F0005),False,0,0
07220929_1629,Side2,"Am / Pb&poly, lead stack, borax",-83.4,DCRC1pA 2,1026,False,0,,,,,absent (F0001-F0005),False,0,0
07221001_2314,Side2,"PuBe / Pb&poly, lead stack, borax",-82.5,DCRC1pA 2,3122,True,3122,1,3122,0,248.87,listed dumps found; none beyond,False,0,0
07221017_1600,Side2,"PuBe / Pb&poly, lead stack, borax",-82.5,DCRC1pA 2,,True,529,1,529,0,41.77,listed dumps found; none beyond,False,0,0
07221019_1741,Side2,"PuBe / Pb&poly, lead stack, borax",-82.6,DCRC1pB 10,46,True,46,1,46,0,3.66,listed dumps found; none beyond,False,0,0
07221019_1832,Side2,"PuBe / Pb&poly, lead stack, borax",-82.6,NaI,202,True,202,1,202,0,6.04,listed dumps found; none beyond,False,0,0
07221019_2157,Side2,"PuBe / Pb&poly, lead stack, borax",-82.4,DCRC1pB 10,42,True,42,1,42,0,3.45,listed dumps found; none beyond,False,0,0
07221019_2240,Side2,"PuBe / Pb&poly, lead stack, borax",-82.5,NaI,533,True,533,1,533,0,15.92,listed dumps found; none beyond,False,0,0
07221020_0849,Side2,"PuBe / Pb&poly, lead stack, borax",-82.4,DCRC1pB 10,63,True,62,1,62,0,4.96,listed dumps found; none beyond,False,0,0
07221020_0954,Side2,"PuBe / Pb&poly, lead stack, borax",-82.4,NaI,524,True,524,1,524,0,15.75,listed dumps found; none beyond,False,0,0
07221020_1846,Side2,"PuBe / Pb&poly, lead stack, borax",-82.4,DCRC1pB 10,43,True,43,1,43,0,2.63,listed dumps found; none beyond,False,0,0
07221020_1948,Side2,"PuBe / Pb&poly, lead stack, borax",-82.5,NaI,841,True,841,1,841,0,17.68,listed dumps found; none beyond,False,0,0
07221021_1001,Side2,"PuBe / Pb&poly, lead stack, borax",-82.3,DCRC1pB 10,84,True,84,1,84,0,4.95,listed dumps found; none beyond,False,0,0
07221021_1126,Side2,"PuBe / Pb&poly, lead stack, borax",-82.4,NaI,368,True,368,1,368,0,7.68,listed dumps found; none beyond,False,0,0
07221022_1630,Side2,"Am / Pb&poly, lead stack, borax",-82.3,DCRC1pA 2,859,False,0,,,,,absent (F0001-F0005),False,0,4
07221023_1051,Side2,"Am / Pb&poly, lead stack, borax",-82.1,DCRC1pA 2,1735,False,0,,,,,absent (F0001-F0005),False,0,0
07221025_1751,Side2,"PuBe / Pb&poly, lead stack, borax",-82.1,DCRC1pB 10,,True,119,1,119,0,8.63,listed dumps found; none beyond,False,0,0
07221025_1956,Side2,"PuBe / Pb&poly, lead stack, borax",-82.1,NaI,621,True,621,1,621,0,18.99,listed dumps found; none beyond,False,0,0
07221026_0951,Side2,"PuBe / Pb&poly, lead stack, borax",-82.1,DCRC1pB 10,57,True,57,1,57,0,4.56,listed dumps found; none beyond,False,0,0
07221026_1049,Side2,"PuBe / Pb&poly, lead stack, borax",-82.1,NaI,646,True,646,1,646,0,19.67,listed dumps found; none beyond,False,0,0
07221026_2145,Side2,"PuBe / Pb&poly, lead stack, borax",-82.1,DCRC1pB 10,39,True,39,1,39,0,3.07,listed dumps found; none beyond,False,0,0
07221026_2224,Side2,"PuBe / Pb&poly, lead stack, borax",-82.1,NaI,640,True,640,1,640,0,19.58,listed dumps found; none beyond,False,0,0
07221027_0915,Side2,"PuBe / Pb&poly, lead stack, borax",-82.1,DCRC1pB 10,44,True,44,1,44,0,3.49,listed dumps found; none beyond,False,0,0
07221027_0959,Side2,"PuBe / Pb&poly, lead stack, borax",-82.1,NaI,366,True,361,1,361,0,10.96,listed dumps found; none beyond,False,0,0
07221102_1555,Side2,"PuBe / Pb&poly, lead stack, borax",0,DCRC1pB 10,190,True,190,1,190,0,12.11,listed dumps found; none beyond,False,0,0
07221102_2132,Side2,"PuBe / Pb&poly, lead stack, borax",0,DCRC1pB 10,,True,764,1,764,0,48.87,listed dumps found; none beyond,False,0,0
07221106_2320,Side2,"PuBe / Pb&poly, lead stack, borax",0,DCRC1pB 10,,True,802,2,803,0,50.26,listed dumps found; none beyond,False,0,0
07221108_1305,,,,,,False,0,,,,,absent (F0001-F0005),False,0,0
07221108_1410,,,,,,False,0,,,,,absent (F0001-F0005),False,0,0
07221108_1459,,,,,,False,0,,,,,absent (F0001-F0005),False,0,0
07221110_0946,,,,,,False,0,,,,,absent (F0001-F0005),False,0,0
07221110_1159,,,,,,False,0,,,,,absent (F0001-F0005),False,0,0
07221111_1556,,,,,,False,0,,,,,absent (F0001-F0005),False,0,0
07221111_1619,,,,,,False,0,,,,,absent (F0001-F0005),False,0,0
07221111_2153,Side2,"PuBe / Pb&poly, lead stack, borax",-82.2,DCRC1pB 10,55,True,55,1,55,0,4.58,listed dumps found; none beyond,False,0,0
07221111_2249,Side2,"PuBe / Pb&poly, lead stack, borax",-82.2,NaI,634,True,634,1,634,0,52.17,listed dumps found; none beyond,False,0,0
07221112_0943,Side2,"PuBe / Pb&poly, lead stack, borax",-82.2,DCRC1pB 10,101,True,101,1,101,0,8.59,listed dumps found; none beyond,False,0,0
07221112_1127,Side2,"PuBe / Pb&poly, lead stack, borax",-82.1,NaI,666,True,666,1,666,0,52.53,listed dumps found; none beyond,False,0,0
07221112_2249,Side2,"PuBe / Pb&poly, lead stack, borax",-82.1,DCRC1pB 10,69,True,69,1,69,0,5.81,listed dumps found; none beyond,False,0,0
07221113_0000,Side2,"PuBe / Pb&poly, lead stack, borax",-82.1,NaI,702,True,702,1,702,0,57.9,listed dumps found; none beyond,False,0,0
07221113_1159,Side2,"PuBe / Pb&poly, lead stack, borax",-82,DCRC1pB 10,45,True,45,1,45,0,3.5,listed dumps found; none beyond,False,0,0
07221114_2141,Side2,"PuBe / Pb&poly, lead stack, borax",-81.8,DCRC1pB 10,37,True,37,1,37,0,3.05,listed dumps found; none beyond,False,0,0
07221114_2223,Side2,"PuBe / Pb&poly, lead stack, borax",-81.8,NaI,611,True,611,1,611,0,33.51,listed dumps found; none beyond,False,0,0
07221115_0845,Side2,"PuBe / Pb&poly, lead stack, borax",-81.7,DCRC1pB 10,33,True,33,1,33,0,2.63,listed dumps found; none beyond,False,0,0
07221115_0919,Side2,"PuBe / Pb&poly, lead stack, borax",-81.7,NaI,695,True,695,1,695,0,36.85,listed dumps found; none beyond,False,0,0
07221115_2109,Side2,"PuBe / Pb&poly, lead stack, borax",-81.7,DCRC1pB 10,51,True,51,1,51,0,4.13,listed dumps found; none beyond,False,0,0
07221115_2201,Side2,"PuBe / Pb&poly, lead stack, borax",-81.7,NaI,707,True,707,1,707,0,38.85,listed dumps found; none beyond,False,0,0
07221116_1003,Side2,"PuBe / Pb&poly, lead stack, borax",-81.6,DCRC1pB 10,45,True,45,1,45,0,3.56,listed dumps found; none beyond,False,0,0
07221116_1048,Side2,"PuBe / Pb&poly, lead stack, borax",-81.7,NaI,167,True,167,1,167,0,9.09,listed dumps found; none beyond,False,0,0
07221116_1705,,,,,,False,0,,,,,absent (F0001-F0005),False,0,0
07221116_1713,,,,,,False,0,,,,,absent (F0001-F0005),False,0,0
07221116_1849,,,,,,False,0,,,,,absent (F0001-F0005),False,0,0
07221118_1403,,,,,,False,0,,,,,absent (F0001-F0005),False,0,0
07221118_1404,Side2,"PuBe / Pb&poly, lead stack, borax",-81.6,DCRC1pA 2,275,True,275,1,275,0,21.99,listed dumps found; none beyond,False,0,0
07221118_1850,Side2,"PuBe / Pb&poly, lead stack, borax",-81.6,DCRC1pA 2,899,True,899,1,899,0,71.14,listed dumps found; none beyond,False,0,0
07221119_1016,Side2,"PuBe / Pb&poly, lead stack, borax",-81.5,DCRC1pA 2,231,True,202,1,231,29,16.37,listed dumps found; none beyond,False,0,0
07221121_2212,,,,,,False,0,,,,,absent (F0001-F0005),False,0,0
07221121_2214,Side2,"PuBe / Pb&poly, lead stack, borax",0,DCRC1pA 2,779,True,779,1,779,0,56.15,listed dumps found; none beyond,False,0,0
07221122_1126,,,,,,False,0,,,,,absent (F0001-F0005),False,0,0
07221122_1153,,,,,,False,0,,,,,absent (F0001-F0005),False,0,0
07221124_1108,,,,,,False,0,,,,,absent (F0001-F0005),False,0,0
07221124_1220,,,,,,False,0,,,,,absent (F0001-F0005),False,0,0
07221124_1408,Side2,"PuBe / Pb&poly, lead stack, borax",-8.3,DCRC1pA 2,67,True,67,1,67,0,4.83,listed dumps found; none beyond,False,0,0
07221124_1603,Side2,"PuBe / Pb&poly, lead stack, borax",-16.3,DCRC1pA 2,84,True,84,1,84,0,6.2,listed dumps found; none beyond,False,0,0
07221124_1748,Side2,"PuBe / Pb&poly, lead stack, borax",-24,DCRC1pA 2,118,True,118,1,118,0,9.12,listed dumps found; none beyond,False,0,0
07221124_2022,Side2,"PuBe / Pb&poly, lead stack, borax",-34,DCRC1pA 2,97,True,97,1,97,0,7.33,listed dumps found; none beyond,False,0,0
07221124_2331,Side2,"PuBe / Pb&poly, lead stack, borax",-34,DCRC1pA 100,361,True,361,1,361,0,20.92,listed dumps found; none beyond,False,0,0
07221125_0540,,,,,,False,0,,,,,absent (F0001-F0005),False,0,0
07221125_0547,Side2,"PuBe / Pb&poly, lead stack, borax",0,DCRC1pA 100,532,True,532,1,532,0,19.54,listed dumps found; none beyond,False,0,0
07221201_0118,Side2,"PuBe / Pb&poly, lead stack, borax",0,DCRC1pA 100,,True,647,1,647,0,17.53,listed dumps found; none beyond,False,0,0
07221203_1255,Side2,"PuBe / Pb&poly, lead stack, borax",-46.6,DCRC1pA 2,68,True,68,1,68,0,5.26,listed dumps found; none beyond,False,0,0
07221203_1418,Side2,"PuBe / Pb&poly, lead stack, borax",-53.5,DCRC1pA 2,108,True,108,1,108,0,7.71,listed dumps found; none beyond,False,0,0
07221203_1622,Side2,"PuBe / Pb&poly, lead stack, borax",-63.4,DCRC1pA 2,68,True,68,1,68,0,5.29,listed dumps found; none beyond,False,0,0
07221203_1744,Side2,"PuBe / Pb&poly, lead stack, borax",-73,DCRC1pA 2,64,True,64,1,64,0,4.89,listed dumps found; none beyond,False,0,0
07221203_1906,Side2,"PuBe / Pb&poly, lead stack, borax",-79.9,DCRC1pA 2,62,True,62,1,62,0,4.65,listed dumps found; none beyond,False,0,0
07221203_2025,Side2,"PuBe / Pb&poly, lead stack, borax",-83.2,DCRC1pA 2,30,True,30,1,30,0,1.89,listed dumps found; none beyond,False,5,0
07221206_1738,Side2,"Am / Pb&poly, lead stack, borax",-82,DCRC1pB 10,71,False,0,,,,,absent (F0001-F0005),False,0,1
07221206_1858,Side2,"Am / Pb&poly, lead stack, borax",-82.1,NaI,861,False,0,,,,,absent (F0001-F0005),False,0,0
07221207_0928,Side2,"Am / Pb&poly, lead stack, borax",-82.2,DCRC1pB 10,110,False,0,,,,,absent (F0001-F0005),False,0,0
